{
     "Generation": [
          [
               1.0526913836043617,
               0.9969371347436596
          ],
          [
               0.9805051231431333,
               1.0691379606507123
          ],
          [
               0.963658198030903,
               1.082521963954874
          ],
          [
               1.0510150269736815,
               0.9074796970855392
          ],
          [
               1.0348668529604501,
               0.9726394749091498
          ],
          [
               0.9961608400579278,
               0.9688195034161702
          ]
     ],
     "Fitness": [
          [
               1.0526913836043617,
               0.9969371347436596,
               0.07762159152283465,
               0.12424592905861997,
               0.20186752058145463
          ],
          [
               0.9805051231431333,
               1.0691379606507123,
               0.13107914283367583,
               0.0741821518329202,
               0.20526129466659604
          ],
          [
               0.963658198030903,
               1.082521963954874,
               0.5820134548685,
               0.4255776781776702,
               1.0075911330461702
          ],
          [
               1.0510150269736815,
               0.9074796970855392,
               0.9226494556614144,
               0.09149303602174774,
               1.0141424916831623
          ],
          [
               1.0348668529604501,
               0.9726394749091498,
               0.987819425679937,
               0.05508513686341243,
               1.0429045625433493
          ],
          [
               0.9961608400579278,
               0.9688195034161702,
               0.7979767229023843,
               0.4305743021186713,
               1.2285510250210556
          ]
     ]
}