{
     "Generation": [
          [
               1.0328645384422388,
               0.9014103251156671
          ],
          [
               0.8648477335632443,
               1.0322912934492625
          ],
          [
               1.025086762096363,
               0.906953178202274
          ],
          [
               0.9636921159530366,
               0.9697784392322029
          ],
          [
               1.0893006033250237,
               0.8511297663080185
          ],
          [
               0.9076672283272498,
               0.9402887724920709
          ]
     ],
     "Fitness": [
          [
               1.0328645384422388,
               0.9014103251156671,
               0.1669214564143211,
               0.061344571205879106,
               0.2282660276202002
          ],
          [
               0.8648477335632443,
               1.0322912934492625,
               0.25201835411094264,
               0.0856432094791596,
               0.33766156359010224
          ],
          [
               1.025086762096363,
               0.906953178202274,
               0.16384122628703512,
               0.8786366150921795,
               1.0424778413792146
          ],
          [
               0.9636921159530366,
               0.9697784392322029,
               0.2500472200279684,
               0.8279529937801148,
               1.078000213808083
          ],
          [
               1.0893006033250237,
               0.8511297663080185,
               0.3501303662878177,
               0.7742772121989773,
               1.124407578486795
          ],
          [
               0.9076672283272498,
               0.9402887724920709,
               0.535222225232528,
               0.7517146465916087,
               1.2869368718241367
          ]
     ]
}