{
     "Generation": [
          [
               0.0,
               -1.5428749452123488e-12
          ],
          [
               0.0,
               -1.3129985389203167e-12
          ],
          [
               0.0,
               -1.433582915685655e-12
          ],
          [
               0.0,
               -1.5481408897851925e-12
          ],
          [
               0.0,
               -1.502944160535914e-12
          ],
          [
               0.0,
               -1.3114701269628593e-12
          ],
          [
               0.0,
               -1.4597618676341434e-12
          ],
          [
               0.0,
               -1.512019933090018e-12
          ],
          [
               0.0,
               -1.5428749452123488e-12
          ],
          [
               0.0,
               -1.3876538019296846e-12
          ],
          [
               0.0,
               -1.543204946898824e-12
          ],
          [
               0.0,
               -1.5009956525381176e-12
          ],
          [
               0.0,
               -1.322489119306485e-12
          ],
          [
               0.0,
               -1.2859396037555923e-12
          ],
          [
               0.0,
               -1.5679418902683976e-12
          ],
          [
               0.0,
               -1.3114930594490542e-12
          ],
          [
               0.0,
               -1.5484065254817688e-12
          ],
          [
               0.0,
               -1.289284871109224e-12
          ],
          [
               0.0,
               -1.3129985389203169e-12
          ],
          [
               0.0,
               -1.3081209253462817e-12
          ]
     ],
     "Fitness": [
          [
               0.0,
               -1.5428749452123488e-12,
               0.0521891555490851,
               0.029685946666999752,
               0.06621835555135933
          ],
          [
               0.0,
               -1.3129985389203167e-12,
               0.024456461631611304,
               0.10986427382248376,
               0.12698379696461168
          ],
          [
               0.0,
               -1.433582915685655e-12,
               0.23981097775048021,
               0.010453529731716094,
               0.17832121415705224
          ],
          [
               0.0,
               -1.5481408897851925e-12,
               0.2824540965662691,
               0.00704327509071756,
               0.2047611426871059
          ],
          [
               0.0,
               -1.502944160535914e-12,
               0.23481443367899413,
               0.040570439540207004,
               0.2049405431155029
          ],
          [
               0.0,
               -1.3114701269628593e-12,
               0.01620807358455234,
               0.3533864045612539,
               0.36473205607044057
          ],
          [
               0.0,
               -1.4597618676341434e-12,
               0.3993308609510752,
               0.13211383805877897,
               0.4116454407245316
          ],
          [
               0.0,
               -1.512019933090018e-12,
               0.7525568619663376,
               0.07316976689554733,
               0.5999595702719837
          ],
          [
               0.0,
               -1.5428749452123488e-12,
               0.8795432555449131,
               0.02723302354343693,
               0.6429133024248761
          ],
          [
               0.0,
               -1.3876538019296846e-12,
               0.40035921167325983,
               0.43103726715757795,
               0.7112887153288598
          ],
          [
               0.0,
               -1.543204946898824e-12,
               0.83986658602282,
               0.18634304720041606,
               0.7742496574163901
          ],
          [
               0.0,
               -1.5009956525381176e-12,
               0.45356319519231303,
               0.4738525034860427,
               0.7913467401206618
          ],
          [
               0.0,
               -1.322489119306485e-12,
               0.8053522095975287,
               0.24713225931120741,
               0.8108788060294775
          ],
          [
               0.0,
               -1.2859396037555923e-12,
               0.57803771279873,
               0.5187650146802276,
               0.9233914136393386
          ],
          [
               0.0,
               -1.5679418902683976e-12,
               0.5802139079361681,
               0.524930826333309,
               0.9310805618886266
          ],
          [
               0.0,
               -1.3114930594490542e-12,
               0.8788624976683714,
               0.3343342799153043,
               0.9495380282831642
          ],
          [
               0.0,
               -1.5484065254817688e-12,
               0.6847027192896491,
               0.559076740845112,
               1.0383686443478664
          ],
          [
               0.0,
               -1.289284871109224e-12,
               0.8927557305082243,
               0.4760060940858074,
               1.1009351054415644
          ],
          [
               0.0,
               -1.3129985389203169e-12,
               0.37550228272985453,
               0.8731257947234715,
               1.1359773926343697
          ],
          [
               0.0,
               -1.3081209253462817e-12,
               0.7776478419792082,
               0.6375870053578958,
               1.1819404947433414
          ]
     ]
}