{
     "Generation": [
          [
               0.0,
               -1.4855743836312797e-12,
               -2.458168473785341e-13
          ],
          [
               0.0,
               -1.4792448747902878e-12,
               -2.2625614619473362e-13
          ],
          [
               0.0,
               -1.4855743836312797e-12,
               -2.3520004157703265e-13
          ],
          [
               0.0,
               -1.4134406250256649e-12,
               -2.4540863402823303e-13
          ]
     ],
     "Error": [
          [
               2.6357000775443975,
               1.1150552733356704
          ],
          [
               6.02170209724636,
               1.5209361043529857
          ],
          [
               1.8555527810079284,
               4.214840379026006
          ],
          [
               2.5365208807986903,
               6.525811083927469
          ]
     ],
     "Fitness": [
          2.6964753198623086,
          5.1339573627008015,
          5.328172047630763,
          8.047723612406683
     ]
}